idx,image_path
0,images/000000.png
1,images/000001.png
2,images/000002.png
3,images/000003.png
4,images/000004.png
5,images/000005.png
6,images/000006.png
7,images/000007.png
8,images/000008.png
9,images/000009.png
10,images/000010.png
11,images/000011.png
12,images/000012.png
13,images/000013.png
14,images/000014.png
15,images/000015.png
16,images/000016.png
17,images/000017.png
18,images/000018.png
19,images/000019.png
20,images/000020.png
21,images/000021.png
22,images/000022.png
23,images/000023.png
24,images/000024.png
25,images/000025.png
26,images/000026.png
27,images/000027.png
28,images/000028.png
29,images/000029.png
30,images/000030.png
31,images/000031.png
32,images/000032.png
33,images/000033.png
34,images/000034.png
35,images/000035.png
36,images/000036.png
37,images/000037.png
38,images/000038.png
39,images/000039.png
40,images/000040.png
41,images/000041.png
42,images/000042.png
43,images/000043.png
44,images/000044.png
45,images/000045.png
46,images/000046.png
47,images/000047.png
48,images/000048.png
49,images/000049.png
50,images/000050.png
51,images/000051.png
52,images/000052.png
53,images/000053.png
54,images/000054.png
55,images/000055.png
56,images/000056.png
57,images/000057.png
58,images/000058.png
59,images/000059.png
60,images/000060.png
61,images/000061.png
62,images/000062.png
63,images/000063.png
64,images/000064.png
65,images/000065.png
66,images/000066.png
67,images/000067.png
68,images/000068.png
69,images/000069.png
70,images/000070.png
71,images/000071.png
72,images/000072.png
73,images/000073.png
74,images/000074.png
75,images/000075.png
76,images/000076.png
77,images/000077.png
78,images/000078.png
79,images/000079.png
80,images/000080.png
81,images/000081.png
82,images/000082.png
83,images/000083.png
84,images/000084.png
85,images/000085.png
86,images/000086.png
87,images/000087.png
88,images/000088.png
89,images/000089.png
90,images/000090.png
91,images/000091.png
92,images/000092.png
93,images/000093.png
94,images/000094.png
95,images/000095.png
96,images/000096.png
97,images/000097.png
98,images/000098.png
99,images/000099.png
100,images/000100.png
101,images/000101.png
102,images/000102.png
103,images/000103.png
104,images/000104.png
105,images/000105.png
106,images/000106.png
107,images/000107.png
108,images/000108.png
109,images/000109.png
110,images/000110.png
111,images/000111.png
112,images/000112.png
113,images/000113.png
114,images/000114.png
115,images/000115.png
116,images/000116.png
117,images/000117.png
118,images/000118.png
119,images/000119.png
120,images/000120.png
121,images/000121.png
122,images/000122.png
123,images/000123.png
124,images/000124.png
125,images/000125.png
126,images/000126.png
127,images/000127.png
128,images/000128.png
129,images/000129.png
130,images/000130.png
131,images/000131.png
132,images/000132.png
133,images/000133.png
134,images/000134.png
135,images/000135.png
136,images/000136.png
137,images/000137.png
138,images/000138.png
139,images/000139.png
140,images/000140.png
141,images/000141.png
142,images/000142.png
143,images/000143.png
144,images/000144.png
145,images/000145.png
146,images/000146.png
147,images/000147.png
148,images/000148.png
149,images/000149.png
150,images/000150.png
151,images/000151.png
152,images/000152.png
153,images/000153.png
154,images/000154.png
155,images/000155.png
156,images/000156.png
157,images/000157.png
158,images/000158.png
159,images/000159.png
160,images/000160.png
161,images/000161.png
162,images/000162.png
163,images/000163.png
164,images/000164.png
165,images/000165.png
166,images/000166.png
167,images/000167.png
168,images/000168.png
169,images/000169.png
170,images/000170.png
171,images/000171.png
172,images/000172.png
173,images/000173.png
174,images/000174.png
175,images/000175.png
176,images/000176.png
177,images/000177.png
178,images/000178.png
179,images/000179.png
180,images/000180.png
181,images/000181.png
182,images/000182.png
183,images/000183.png
184,images/000184.png
185,images/000185.png
186,images/000186.png
187,images/000187.png
188,images/000188.png
189,images/000189.png
190,images/000190.png
191,images/000191.png
192,images/000192.png
193,images/000193.png
194,images/000194.png
195,images/000195.png
196,images/000196.png
197,images/000197.png
198,images/000198.png
199,images/000199.png
200,images/000200.png